"","Accuracy","Precision","Micro Avg Precision","Macro Avg Precision","Recall","Micro Avg Recall","Macro Avg Recall","F1 Score","Micro Avg F1 Score","Macro Avg F1 Score"
"Regression_Logistique",0.650793650793651,0.777777777777778,0.650793650793651,0.439682524023054,0.7,0.650793650793651,0.456228940074143,0.736842105263158,0.650793650793651,0.447164074065391
"KNN-K= 1",0.73015873015873,0.888888888888889,0.73015873015873,0.574074040699592,0.8,0.73015873015873,0.559932629415709,0.842105263157895,0.73015873015873,0.564034558294734
"KNN-K= 2",0.650793650793651,0.75,0.650793650793651,0.508838358791516,0.818181818181818,0.650793650793651,0.513636334405421,0.782608695652174,0.650793650793651,0.50988089816086
"KNN-K= 3",0.698412698412698,0.833333333333333,0.698412698412698,0.556410218168974,0.769230769230769,0.698412698412698,0.541414111411594,0.8,0.698412698412698,0.547089416394594
"KNN-K= 4",0.666666666666667,0.75,0.666666666666667,0.534920598638517,0.771428571428571,0.666666666666667,0.528787848868231,0.76056338028169,0.666666666666667,0.530493221541604
"KNN-K= 5",0.666666666666667,0.75,0.666666666666667,0.436842091030471,0.710526315789474,0.666666666666667,0.477272709997705,0.72972972972973,0.666666666666667,0.456008852529734
"Decision_Tree",0.650793650793651,0.777777777777778,0.650793650793651,0.499999979423869,0.777777777777778,0.650793650793651,0.456228940074143,0.777777777777778,0.650793650793651,0.475925576224513
