"","Accuracy","Precision","Micro Avg Precision","Macro Avg Precision","Recall","Micro Avg Recall","Macro Avg Recall","F1 Score","Micro Avg F1 Score","Macro Avg F1 Score"
"Regression_Logistique",0.714285714285714,0,0.714285714285714,0.46428569377126,0,0.714285714285714,0.43636362266529,NA,0.714285714285714,0.439393600211113
"KNN-K= 1",0.73015873015873,0,0.73015873015873,0.473290582816267,NA,0.73015873015873,0.485606043817149,NA,0.73015873015873,0.478994330809252
"KNN-K= 2",0.777777777777778,0,0.777777777777778,0.5068840410141,NA,0.777777777777778,0.517424224529959,NA,0.777777777777778,0.512036686376248
"KNN-K= 3",0.761904761904762,0,0.761904761904762,0.499999980864198,NA,0.761904761904762,0.48863634739153,NA,0.761904761904762,0.491176122206109
"KNN-K= 4",0.73015873015873,0,0.73015873015873,0.477393597416936,NA,0.73015873015873,0.45833331846591,NA,0.73015873015873,0.461181345435348
"KNN-K= 5",0.761904761904762,0,0.761904761904762,0.496899207010096,NA,0.761904761904762,0.495454528729339,NA,0.761904761904762,0.495314241800145
"Decision_Tree",0.825396825396825,0,0.825396825396825,0.542128584455911,NA,0.825396825396825,0.549242405242769,NA,0.825396825396825,0.545641249068705
