"","Accuracy","Precision","Micro Avg Precision","Macro Avg Precision","Recall","Micro Avg Recall","Macro Avg Recall","F1 Score","Micro Avg F1 Score","Macro Avg F1 Score"
"Regression_Logistique",0.682539682539683,0.75,0.682539682539683,0.5487987704654,0.72972972972973,0.682539682539683,0.616666568388931,0.73972602739726,0.682539682539683,0.552130404311906
"KNN-K= 1",0.746031746031746,0.777777777777778,0.746031746031746,0.493827144604482,0.777777777777778,0.746031746031746,0.512592575257614,0.777777777777778,0.746031746031746,0.502848653191957
"KNN-K= 2",0.761904761904762,0.722222222222222,0.761904761904762,0.508736542959944,0.838709677419355,0.761904761904762,0.534074055653499,0.776119402985075,0.761904761904762,0.516016062539826
"KNN-K= 3",0.793650793650794,0.805555555555556,0.793650793650794,0.526190459370749,0.828571428571429,0.793650793650794,0.548518499859671,0.816901408450704,0.793650793650794,0.536451062475332
"KNN-K= 4",0.761904761904762,0.777777777777778,0.761904761904762,0.504761888639456,0.8,0.761904761904762,0.525925908057614,0.788732394366197,0.761904761904762,0.5144827755008
"KNN-K= 5",0.777777777777778,0.777777777777778,0.777777777777778,0.516161599813285,0.848484848484849,0.777777777777778,0.539259240857614,0.811594202898551,0.777777777777778,0.525076506773297
"Decision_Tree",0.746031746031746,0.861111111111111,0.746031746031746,0.499999982048376,0.738095238095238,0.746031746031746,0.500370353863787,0.794871794871795,0.746031746031746,0.496840974965909
