"","Accuracy","Precision","Micro Avg Precision","Macro Avg Precision","Recall","Micro Avg Recall","Macro Avg Recall","F1 Score","Micro Avg F1 Score","Macro Avg F1 Score"
"Regression_Logistique",0.904761904761905,0,0.904761904761905,0.301587296800202,NA,0.904761904761905,0.33333332748538,NA,0.904761904761905,0.316666495138976
"KNN-K= 1",0.857142857142857,0.25,0.857142857142857,0.50396819057069,0.25,0.857142857142857,0.554093457749867,0.25,0.857142857142857,0.523450754517501
"KNN-K= 2",0.920634920634921,0.25,0.920634920634921,0.639784607960791,1,0.920634920634921,0.416666639985386,0.4,0.920634920634921,0.452660732686632
"KNN-K= 3",0.920634920634921,0,0.920634920634921,0.639784607960791,NA,0.920634920634921,0.499999910818755,NA,0.920634920634921,0.541549485279339
"KNN-K= 4",0.888888888888889,0,0.888888888888889,0.301075263961152,0,0.888888888888889,0.327485374371602,NA,0.888888888888889,0.313725318551038
"KNN-K= 5",0.873015873015873,0,0.873015873015873,0.300546443160441,0,0.873015873015873,0.321637421257823,NA,0.873015873015873,0.310734291535089
"Decision_Tree",0.904761904761905,0,0.904761904761905,0.301587296800202,NA,0.904761904761905,0.33333332748538,NA,0.904761904761905,0.316666495138976
