"","Accuracy","Precision","Micro Avg Precision","Macro Avg Precision","Recall","Micro Avg Recall","Macro Avg Recall","F1 Score","Micro Avg F1 Score","Macro Avg F1 Score"
"Regression_Logistique",0.746031746031746,0,0.746031746031746,0.48440746896985,NA,0.746031746031746,0.500757558279959,NA,0.746031746031746,0.490620142467143
"KNN-K= 1",0.73015873015873,0,0.73015873015873,0.4941902525647,0,0.73015873015873,0.499242406492769,NA,0.73015873015873,0.492553431264406
"KNN-K= 2",0.73015873015873,0,0.73015873015873,0.482905967300388,0,0.73015873015873,0.492424225154959,NA,0.73015873015873,0.485379769060581
"KNN-K= 3",0.714285714285714,0,0.714285714285714,0.481318665537979,0,0.714285714285714,0.484090892029959,NA,0.714285714285714,0.479999652431712
"KNN-K= 4",0.746031746031746,0,0.746031746031746,0.48440746896985,NA,0.746031746031746,0.500757558279959,NA,0.746031746031746,0.490620142467143
"KNN-K= 5",0.761904761904762,0,0.761904761904762,0.494035071799077,NA,0.761904761904762,0.509090891404959,NA,0.761904761904762,0.500454278899318
"Decision_Tree",0.777777777777778,0,0.777777777777778,0.515771505336395,NA,0.777777777777778,0.49696968051653,NA,0.777777777777778,0.501291641995638
