"","Accuracy","Precision","Micro Avg Precision","Macro Avg Precision","Recall","Micro Avg Recall","Macro Avg Recall","F1 Score","Micro Avg F1 Score","Macro Avg F1 Score"
"Regression_Logistique",0.857142857142857,0,0.857142857142857,0.393274827530271,0,0.857142857142857,0.376608168363602,NA,0.857142857142857,0.384015241368173
"KNN-K= 1",0.857142857142857,0,0.857142857142857,0.371264349231077,NA,0.857142857142857,0.376608168363602,NA,0.857142857142857,0.373912691481291
"KNN-K= 2",0.888888888888889,0,0.888888888888889,0.416666624537049,NA,0.888888888888889,0.388304074591159,NA,0.888888888888889,0.396723297726506
"KNN-K= 3",0.888888888888889,0,0.888888888888889,0.301075263961152,0,0.888888888888889,0.327485374371602,NA,0.888888888888889,0.313725318551038
"KNN-K= 4",0.888888888888889,0,0.888888888888889,0.301075263961152,0,0.888888888888889,0.327485374371602,NA,0.888888888888889,0.313725318551038
"KNN-K= 5",0.904761904761905,0,0.904761904761905,0.301587296800202,NA,0.904761904761905,0.33333332748538,NA,0.904761904761905,0.316666495138976
"Decision_Tree",0.904761904761905,0,0.904761904761905,0.301587296800202,NA,0.904761904761905,0.33333332748538,NA,0.904761904761905,0.316666495138976
